model_input_len,test_period_days,threshold,dir_acc,n_signals
35,134,0.000392863004206645,0.31313131313131315,99
80,50,0.007998555898666382,0.5,0
50,192,0.014549358822405338,1.0,1
35,245,0.0036942956410348417,0.30434782608695654,23
80,100,0.01899033786728978,0.5,0
65,136,0.0016368349827826022,0.3157894736842105,38
50,215,0.015676700454205276,1.0,1
50,154,0.0073325448855757714,0.5,0
80,80,0.010117709264159202,0.5,0
100,69,0.004552713092416525,0.5,0
80,145,0.017977496702224018,0.5,0
80,195,0.009018106758594513,0.6666666666666666,3
50,122,0.013687884248793126,0.5,0
65,90,0.00568982508033514,0.5,0
80,233,0.011606014892458915,1.0,1
50,177,0.00015524858608841896,0.39751552795031053,161
50,30,0.017316372673958542,0.5,0
50,43,0.0010151967592537403,0.0,10
65,171,0.0163001692853868,0.5,0
50,225,0.005456013716757298,0.4,5
80,93,0.011996071040630342,0.5,0
35,116,0.009876908585429191,0.5,0
80,208,0.012672837637364865,1.0,1
65,147,0.004317774455994368,0.3333333333333333,9
50,59,0.018368690554052592,0.5,0
100,76,0.006316346265375614,0.5,0
65,166,0.010977662205696107,0.5,0
80,216,0.002026895899325609,0.32727272727272727,55
100,129,0.015442893858999013,0.5,0
65,111,0.002679244261234999,0.375,8
50,240,0.019849134925752878,0.5,0
35,184,0.008389744982123375,0.5,0
65,51,0.014314415417611599,0.5,0
100,54,0.0033889992721378806,0.0,1
50,187,0.019315165784209967,0.5,0
100,237,0.007678773887455464,0.5,4
35,107,0.014849609881639482,0.5,0
50,132,0.007027336433529854,0.0,1
50,219,0.010442448668181897,1.0,1
80,162,0.0013171218149363995,0.4027777777777778,72
80,72,0.015976882074028254,0.5,0
65,63,0.00931852001696825,0.5,0
50,151,0.013367940038442612,0.5,0
50,205,0.004877378810197115,0.3333333333333333,6
35,113,0.01767236253246665,0.5,0
35,96,0.00045557333156466485,0.2923076923076923,65
35,227,0.01699651638045907,1.0,1
65,167,0.006014421358704567,0.5,2
100,39,0.011300949566066266,0.5,0
65,34,0.005155679434537887,0.5,0
50,181,0.012315936870872974,0.5,0
65,231,0.0006906100176274776,0.34394904458598724,157
35,87,0.016605225075036287,0.5,0
35,125,0.004017370734363795,0.0,3
65,198,0.01868862522765994,0.5,0
80,141,0.009552233330905437,0.0,1
80,65,0.012977981343865394,0.5,0
80,83,0.002332113888114691,0.0,5
50,158,0.015118144918233156,0.5,0
80,211,0.006636049896478653,0.5,4
80,133,0.010677490122616292,0.0,1
35,103,0.008695031814277172,0.5,0
80,248,0.013989597037434577,1.0,1
35,188,0.0029990358091890813,0.32,25
80,46,0.019548874329775572,0.5,0
50,43,0.0014393246732652188,0.0,6
50,190,0.016110416371375322,1.0,1
35,247,0.007130353152751923,0.6,5
50,104,0.010556106604635716,0.5,0
65,136,0.007577627561986447,0.5,0
80,209,0.01473774366080761,1.0,1
35,159,0.0032685881294310095,0.2,10
65,83,0.01918350188061595,0.5,0
65,66,0.006116827130317688,0.5,0
65,141,0.011411556340754032,0.5,0
80,201,0.0005771664343774319,0.3819444444444444,144
80,123,0.017126998323947193,0.5,0
100,86,0.004753915313631296,0.0,2
65,231,0.01754008887335658,1.0,1
50,178,0.009214322529733181,0.5,0
50,36,0.013255462870001794,0.5,0
65,37,0.009449256397783757,0.5,0
35,170,0.012864283323287965,0.5,0
100,227,0.0038951277919113637,0.18181818181818182,22
35,97,0.01855513071641326,0.5,0
100,115,0.0008109825663268566,0.3466666666666667,75
80,202,0.01673692787066102,1.0,1
100,152,0.005256864652037621,0.25,4
65,62,0.012427764497697353,0.5,0
35,73,0.002877403814345598,0.0,3
65,161,0.019418430980294943,0.5,0
80,221,0.008592664636671543,0.6666666666666666,3
65,129,0.013878951370716095,0.5,0
50,107,0.006740287467837334,0.5,0
80,238,0.010789927504956722,0.5,2
100,185,0.002455537598580122,0.27906976744186046,43
35,57,0.015250458661466838,0.5,0
100,53,0.007455092258751393,0.5,0
50,181,0.01025089904665947,0.5,0
50,241,0.0017395071871578694,0.32894736842105265,76
35,110,0.015790702905505896,0.5,0
50,127,0.003593415152281523,0.0,3
50,219,0.018878205809742213,0.5,0
65,165,0.007877878919243813,0.5,0
100,77,0.01441796075552702,0.5,0
65,58,0.00025730984285473826,0.3617021276595745,47
50,148,0.01742732396349311,0.5,0
80,205,0.005811762697994709,0.5,4
80,118,0.011736152321100235,0.5,0
100,94,0.008894377425312997,0.5,0
65,223,0.013555876426398755,1.0,1
80,174,0.004448781441897154,0.14285714285714285,7
80,40,0.017864753697067498,0.5,0
100,32,0.004215063359588385,0.5,0
35,174,0.01825472669675946,0.5,0
65,234,0.009754399806261064,1.0,1
80,89,0.012539608962833881,0.5,0
65,119,0.005576730780303478,0.0,1
80,198,0.012127429321408272,1.0,1
50,144,0.0011160374619066716,0.2857142857142857,63
35,70,0.016412341427057983,0.5,0
100,79,0.008267847150564193,0.5,0
100,155,0.014184237904846669,0.5,0
50,212,0.002577142920345068,0.3548387096774194,31
100,139,0.019738223422318697,0.5,0
35,101,0.0021307889558374884,0.0,8
100,244,0.015555675756186247,1.0,1
35,194,0.006440114490687847,0.75,4
80,47,0.011109631434082985,0.5,0
35,48,0.004972540270537138,0.5,0
50,193,0.017811575923115015,0.5,0
35,243,0.009262344613671303,1.0,1
50,102,0.013345990292727948,0.5,0
65,138,0.006031564064323903,0.5,2
50,213,0.011361932009458542,1.0,1
80,156,0.0003213195689022541,0.3984375,128
50,78,0.016896395292133094,0.5,0
80,70,0.007774041369557381,0.5,0
35,143,0.014988717250525951,0.5,0
65,197,0.0033328704349696635,0.4090909090909091,22
50,120,0.019293169472366572,0.5,0
65,88,0.0013341583497822286,0.18518518518518517,27
80,235,0.016037970688194035,1.0,1
65,175,0.0068930362537503245,0.0,1
100,31,0.010342373996973037,0.5,0
100,41,0.006658085398375988,0.5,0
80,173,0.010733579471707345,0.0,1
65,222,0.0021929670311510562,0.38596491228070173,57
50,94,0.015022916626185179,0.5,0
80,117,0.003099071290344,0.16666666666666666,6
100,206,0.019683213997632266,1.0,1
35,149,0.008633982688188553,0.5,0
35,57,0.013972521312534809,0.5,0
80,78,0.0007125202752649785,0.2857142857142857,42
50,164,0.016661439668387176,0.5,0
100,218,0.005016505233943463,0.3,10
35,127,0.012220735922455789,0.5,0
100,109,0.00965239390730858,0.5,0
65,242,0.013112195916473866,1.0,1
80,182,0.003956349100917578,0.2,10
80,52,0.01867152201011777,0.5,0
35,56,0.008957134149968625,0.5,0
65,186,0.01367073230445385,0.5,0
50,239,0.004652824942022562,0.2,10
65,106,0.018111760299652814,0.5,0
100,130,1.6025360673666e-05,0.368,125
50,220,0.017221220452338457,1.0,1
50,160,0.005711784064769745,0.0,1
80,73,0.011662180460989475,0.5,0
35,61,0.0036331977881491184,0.5,0
100,153,0.018973311167210342,0.5,0
80,203,0.008098640404641628,0.5,4
65,114,0.014683649763464928,0.5,0
100,98,0.007193446755409241,0.5,0
100,226,0.010022431947290897,0.6666666666666666,3
35,169,0.0016588214598596096,0.2564102564102564,39
35,38,0.015732838530093433,0.5,0
35,35,0.001892566066235304,0.0,3
50,179,0.015342849139124155,0.5,0
50,232,0.006333412751555443,0.3333333333333333,6
50,85,0.011038721166551113,0.5,0
50,123,0.008333645798265935,0.5,0
80,200,0.014292389154434204,1.0,1
100,140,0.0027744817920029165,0.2857142857142857,21
65,67,0.019988271947950127,0.5,0
50,82,0.005321789905428887,0.5,0
100,160,0.011895920298993588,0.5,0
35,210,0.0010323098115622997,0.2828282828282828,99
80,135,0.016361181680113076,0.5,0
50,104,0.004261569101363421,0.0,2
65,246,0.018346770461648704,0.5,0
100,189,0.00997209969907999,0.6666666666666666,3
35,44,0.01281202107667923,0.5,0
35,45,0.005911806896328926,0.5,0
100,189,0.011870482973754407,1.0,1
50,249,0.00019625170156359673,0.4018264840182648,219
100,102,0.017410256955772637,0.5,0
80,134,0.004470806885510683,0.2,5
65,210,0.017920853402465582,0.5,0
50,157,0.00875524092465639,0.5,0
100,84,0.013460638076066971,0.5,0
65,64,0.0018396575562655926,0.42857142857142855,7
80,142,0.015924927387386562,0.5,0
65,199,0.00739408053457737,0.5,2
50,124,0.010233785621821881,0.5,0
100,88,0.007899798341095448,0.5,0
35,230,0.014474166482686996,1.0,1
65,180,0.003454232085496187,0.4666666666666667,15
65,34,0.01878301402553916,0.5,0
50,38,0.002594295535236597,0.0,1
100,168,0.019799195658415557,0.5,0
50,228,0.008133583180606365,0.5,2
80,95,0.014084126725792885,0.5,0
100,114,0.00653526708483696,0.5,0
80,204,0.011248853988945484,1.0,1
100,151,0.002074622716754675,0.3469387755102041,49
80,64,0.015533717144280673,0.5,0
80,71,0.00977142732590437,0.5,0
50,163,0.012600706294178962,0.5,0
80,220,0.004080771896988153,0.21428571428571427,14
65,131,0.01815464301034808,0.5,0
65,108,0.0012113153003156186,0.2857142857142857,42
100,236,0.016551438737660646,1.0,1
50,186,0.005520591884851456,0.0,2
65,55,0.012105443365871906,0.5,0
35,51,0.0005210765637457371,0.20689655172413793,29
35,183,0.01710496364161372,0.5,0
65,239,0.006212056241929532,0.375,8
65,111,0.011550702676177025,0.5,0
65,128,0.009079982042312622,0.5,0
80,216,0.013155427910387516,1.0,1
100,167,0.0047709915600717065,0.14285714285714285,7
100,75,0.017601137179881335,0.5,0
35,60,0.0070741381868720055,0.5,0
80,146,0.010534197017550468,0.0,1
35,207,0.0015345262922346592,0.265625,64
80,116,0.01624959019944072,0.5,0
100,92,0.003134372886270285,0.16666666666666666,6
65,225,0.01908334167674184,0.5,0
35,172,0.007594731152057648,1.0,1
100,42,0.014798764623701572,0.5,0
35,30,0.008453451916575433,0.5,0
50,176,0.013783789537847042,0.5,0
50,232,0.002899353187531233,0.32142857142857145,28
50,91,0.019474607054144145,0.5,0
35,121,0.002394555527716875,0.0,9
50,196,0.015233315285295248,1.0,1
65,146,0.006840407885611057,0.0,1
50,68,0.010924181640148163,0.5,0
65,80,0.0037560212425887586,0.5,0
80,154,0.0184598627127707,0.5,0
50,214,0.00947125218808651,1.0,1
80,137,0.012920412980020047,0.5,0
50,99,0.00519577655941248,0.5,0
80,246,0.01241072714328766,1.0,1
35,192,0.0009110564179718494,0.3142857142857143,105
50,49,0.016871228571981194,0.5,0
35,49,0.0008755129389464855,0.23809523809523808,21
50,192,0.016830478552728893,1.0,1
35,245,0.005164868459105492,0.3,10
35,98,0.012365341745316982,0.5,0
65,138,0.009504049755632878,0.5,0
80,214,0.012967571020126342,1.0,1
80,154,0.0037933373637497425,0.3333333333333333,12
65,81,0.01850250219926238,0.5,0
100,68,0.006802710220217705,0.5,0
65,146,0.01088192369788885,0.5,0
80,196,0.002361986916512251,0.3157894736842105,38
50,121,0.015185928288847208,0.5,0
100,91,0.0029300323314964774,0.16666666666666666,6
35,233,0.019520221408456565,1.0,1
65,176,0.008489376939833164,0.5,0
100,31,0.013824158012866974,0.5,0
100,42,0.007630561254918575,0.5,0
50,172,0.014839228913187981,0.5,0
80,225,0.0031649952568113806,0.3333333333333333,30
50,92,0.019129013698548077,0.5,0
35,117,0.0015020526014268398,0.16,25
100,207,0.0162021073885262,1.0,1
50,147,0.007036497294902802,0.0,1
65,60,0.010491881407797337,0.5,0
80,74,0.004808403495699168,0.5,0
65,166,0.01764368174597621,0.5,0
80,216,0.00911283727735281,0.6666666666666666,3
80,128,0.013202529177069664,0.5,0
100,112,0.006181052327156067,0.0,1
50,240,0.011505412198603153,1.0,1
35,183,0.00048547541722655297,0.3233082706766917,133
65,52,0.01706427039578557,0.5,0
80,55,0.005484725050628185,0.5,0
65,186,0.012065016105771065,0.5,0
65,236,0.0011805773712694645,0.3418803418803419,117
50,108,0.01650588257238269,0.5,0
100,132,0.0041132824681699275,0.0,6
50,220,0.01820208864286542,0.5,0
50,163,0.00980918362736702,0.5,0
100,72,0.012642906196415424,0.5,0
80,63,0.0020372478105127813,0.25,4
65,150,0.015491135846823455,0.5,0
100,204,0.006502527706325054,0.4,5
35,113,0.011201637163758278,0.5,0
35,95,0.008164549916982651,0.5,0
50,229,0.014129454083740712,1.0,1
65,168,0.002629780974239111,0.4642857142857143,28
35,39,0.019840004313737156,0.5,0
50,34,0.0034898127429187297,0.0,1
35,179,0.018823727164417506,0.5,0
65,229,0.007930822148919105,1.0,1
50,87,0.014519436471164228,0.5,0
50,125,0.007361245937645436,0.5,0
35,199,0.010186664313077926,1.0,1
35,143,0.0018022255785763264,0.2222222222222222,27
100,64,0.015882403459399938,0.5,0
65,84,0.00879290170967579,0.5,0
80,157,0.013502933196723462,0.5,0
50,210,0.004503260087221861,0.25,8
65,134,0.017968356106430293,0.5,0
80,103,0.00016560928896069526,0.36666666666666664,90
35,249,0.017364605572074653,1.0,1
100,189,0.005875997431576252,0.3333333333333333,6
50,46,0.011829998642206192,0.5,0
65,45,0.009939321801066398,0.5,0
65,190,0.012764843367040158,1.0,1
80,247,0.004224233310669661,0.17647058823529413,17
65,105,0.0183041506446898,0.5,0
35,135,0.0010678348131477834,0.2545454545454545,55
80,210,0.016401950176805256,1.0,1
100,160,0.005352716483175755,0.25,4
35,81,0.011941287219524383,0.5,0
35,67,0.0027437841705977915,0.0,2
50,140,0.019942676071077584,0.5,0
35,200,0.008297739252448082,0.5,2
35,124,0.014252002201974392,0.5,0
35,85,0.006371130086481571,0.5,0
50,232,0.011080959439277649,1.0,1
65,178,0.0019251150079071522,0.39622641509433965,53
80,35,0.01539025580510497,0.5,0
35,38,0.0016913136281073093,0.2,5
100,169,0.015780302863568067,0.5,0
65,226,0.007231069169938565,0.5,2
50,98,0.01006476603448391,0.5,0
100,114,0.008062790632247924,0.5,0
80,202,0.014643205143511296,1.0,1
65,153,0.0036025950871407986,0.46153846153846156,13
65,61,0.018927619475871325,0.5,0
35,74,0.005742768310010434,0.5,0
35,161,0.011707490608096123,0.5,0
50,221,5.1646176725625995e-05,0.3952380952380952,210
80,131,0.017261894028633835,0.5,0
80,105,0.004615431483834982,0.0,1
65,239,0.01806919725611806,0.5,0
65,185,0.008924260437488556,0.5,0
35,56,0.013623649515211583,0.5,0
65,52,0.003923820052295923,0.5,0
100,182,0.018624094855040314,0.5,0
50,242,0.009614656083285808,1.0,1
50,109,0.013069977536797523,0.5,0
80,127,0.005052391737699509,0.0,3
80,217,0.012261143513023853,1.0,1
50,164,0.0007432385347783566,0.31683168316831684,101
65,77,0.01670701550319791,0.5,0
50,58,0.008603035621345043,0.5,0
50,150,0.013927174285054206,0.5,0
50,207,0.0030635661818087102,0.35,20
35,118,0.019642425011843444,0.5,0
100,94,0.0022303234599530698,0.16666666666666666,18
50,222,0.015065516401082278,1.0,1
65,172,0.006690843254327774,0.0,1
65,41,0.01078077781945467,0.5,0
80,32,0.006925851181149483,0.5,0
50,176,0.010389514975249767,0.5,0
65,236,0.0013716099970042706,0.36363636363636365,99
50,89,0.016080474946647882,0.5,0
100,120,0.0032973082549870017,0.0,9
100,196,0.019252437856048348,1.0,1
35,143,0.007742999084293842,0.5,0
80,70,0.014943465739488602,0.5,0
65,78,0.00035198045894503595,0.3050847457627119,59
100,156,0.0169420281983912,0.5,0
50,213,0.006067355051636696,0.5,4
35,138,0.011402434818446636,0.5,0
80,101,0.00922466415911913,0.5,0
35,243,0.013303714841604234,1.0,1
80,193,0.004940106738358736,0.42857142857142855,7
65,48,0.01776405354961753,0.5,0
35,47,0.006480502337217331,0.5,0
80,194,0.011145537681877614,1.0,1
65,244,0.002176384534686804,0.38095238095238093,63
100,100,0.015586374271661043,0.5,0
80,139,0.002529736552387476,0.25,16
65,212,0.01970567358657718,0.5,0
50,155,0.008225607983767987,0.5,0
80,79,0.014146520867943765,0.5,0
65,69,0.0011586581729352474,0.23076923076923078,26
50,144,0.01644967691972852,0.5,0
35,197,0.005623908191919327,0.6,5
35,119,0.012160208113491536,0.5,0
50,90,0.00970903318375349,0.5,0
35,235,0.012508681491017342,1.0,1
65,175,0.004174293968826533,0.3333333333333333,9
35,33,0.018219201993197202,0.5,0
100,40,0.004408107567578554,0.5,0
50,173,0.017829133775085212,0.5,0
100,223,0.00884906817227602,0.5,4
35,93,0.013524891883134842,0.5,0
65,119,0.005858844593167305,0.0,1
65,205,0.011769026331603528,1.0,1
80,149,0.0002998731844127178,0.3902439024390244,123
65,59,0.01746471652761102,0.5,0
65,76,0.007835544534027577,0.5,0
100,165,0.014380339235067367,0.5,0
100,218,0.0035459517128765584,0.16,25
50,126,0.01884571334347129,0.5,0
35,110,0.0017851979844272137,0.2,15
65,241,0.01582130590453744,1.0,1
50,181,0.007495537176728248,0.5,0
65,53,0.010286747924983502,0.5,0
65,56,0.002496326882392168,0.0,3
35,184,0.015285962875932455,0.5,0
65,238,0.006785633601248265,0.3333333333333333,6
65,106,0.010820874869823456,0.5,0
35,130,0.008545467182993888,0.5,0
100,222,0.013846193216741085,1.0,1
80,161,0.0028348037414252757,0.4090909090909091,22
80,73,0.019381075445562602,0.5,0
100,61,0.005299083329737187,0.5,0
50,152,0.012465501427650452,0.5,0
35,201,0.0008584088273346424,0.34782608695652173,115
80,115,0.0167694572173059,0.5,0
50,97,0.0038495528511703014,0.0,2
80,227,0.01852441215887666,1.0,1
65,170,0.009408848509192467,0.5,0
65,37,0.01282839771360159,0.5,0
50,36,0.009173818826675416,0.5,0
35,177,0.013219672180712223,0.5,0
50,231,0.004708282705396414,0.25,8
80,85,0.017509427089244127,0.5,0
65,123,0.0006246885098516942,0.3,80
80,201,0.017159432750195266,1.0,1
65,141,0.006159103475511074,0.5,2
65,66,0.011449236497282982,0.5,0
35,82,0.003226082976907492,0.0,2
65,159,0.01914605053141713,0.5,0
100,208,0.00753048688173294,0.5,4
100,136,0.01470492783933878,0.5,0
50,104,0.007175604365766049,0.5,0
65,247,0.010587149783968925,1.0,1
100,191,0.0014800571836531163,0.3181818181818182,88
50,44,0.01614597825333476,0.5,0
50,46,0.003046423699706793,0.0,1
65,188,0.019581442642956973,0.5,0
50,249,0.00873728945851326,1.0,1
35,103,0.014027295596897603,0.5,0
80,133,0.006595681719481945,0.0,1
35,211,0.010641564205288888,1.0,1
35,158,0.0022864986397325994,0.15789473684210525,19
100,83,0.015087466072291136,0.5,0
50,65,0.009597619622945785,0.5,0
50,142,0.013008889146149158,0.5,0
65,198,0.004058120455592871,0.4666666666666667,15
65,125,0.018724169600754976,0.5,0
100,87,0.0006479708291590214,0.2982456140350877,57
100,230,0.016567908059805632,1.0,1
80,180,0.0051085205003619195,0.25,4
35,33,0.012283139601349831,0.5,0
65,39,0.005967319793999195,0.5,0
80,167,0.01126809522509575,0.5,0
65,228,0.00041302965953946116,0.3651685393258427,178
65,96,0.016959104146808388,0.5,0
80,112,0.004918071161955595,0.0,1
65,204,0.017707963977009057,0.5,0
50,151,0.009363810792565345,0.5,0
65,62,0.013398943059146405,0.5,0
80,72,0.0012714494951069355,0.3181818181818182,22
80,163,0.01594626059755683,0.5,0
100,219,0.006986873038113117,0.3333333333333333,6
35,132,0.010406618267297744,0.5,0
35,107,0.0077210886031389234,0.5,0
50,237,0.01488725107163191,1.0,1
65,187,0.0034364823810756205,0.4444444444444444,18
100,54,0.019347638580948116,0.5,0
50,51,0.008436962105333805,0.5,0
65,184,0.014347153902053834,0.5,0
50,241,0.0027218246646225452,0.34375,32
65,111,0.019886510130017996,0.5,0
50,128,0.0019860881380736827,0.23529411764705882,17
100,215,0.015407408121973276,1.0,1
100,165,0.006271018609404564,0.0,2
100,75,0.010946696363389493,0.5,0
50,59,0.00436333091929555,0.5,0
35,148,0.018399427589029075,0.5,0
80,208,0.009917334951460362,0.6666666666666666,3
65,116,0.012708704769611359,0.5,0
100,92,0.005413814708590508,0.0,1
50,224,0.011958314441144466,1.0,1
50,171,0.0009677508287131787,0.3225806451612903,93
35,43,0.016267659608274698,0.5,0
50,30,0.0001077449880540371,0.20833333333333334,24
80,177,0.017283919770270585,0.5,0
35,234,0.005647530257701874,0.42857142857142855,7
35,90,0.011568353213369846,0.5,0
50,122,0.009058590792119504,0.5,0
80,195,0.013723694607615472,1.0,1
65,145,0.004598365370184183,0.3333333333333333,6
65,68,0.018008138816803694,0.5,0
65,80,0.0072872740030288695,0.5,0
100,155,0.010086685754358768,0.0,1
50,215,0.0015961221419274808,0.32432432432432434,74
80,137,0.01564111890271306,0.5,0
100,99,0.0037368192709982396,0.0,6
50,244,0.01902777073904872,0.5,0
80,191,0.008045678101480007,0.5,4
35,49,0.01458219312131405,0.5,0
35,50,0.003676784932613373,0.5,0
100,191,0.01900723818689585,1.0,1
50,245,0.007986080702394246,0.5,2
100,99,0.014561223704367876,0.5,0
80,137,0.0073053472675383094,0.0,1
50,215,0.010144296567887068,1.0,1
65,155,0.001614672802388668,0.36538461538461536,52
50,80,0.015698252245783806,0.5,0
100,68,0.009001437779515982,0.5,0
35,145,0.01370516361668706,0.5,0
65,195,0.00454077422618866,0.4,10
80,122,0.017990045882761478,0.5,0
35,90,0.0001287352666258812,0.275,80
50,234,0.017343496307730674,1.0,1
50,177,0.005668041948229075,0.0,1
50,30,0.011628408413380385,0.5,0
65,42,0.005434309262782335,0.5,0
100,170,0.012018385883420706,0.5,0
50,224,0.000988762117922306,0.3162393162393162,117
65,92,0.016327214241027833,0.5,0
50,116,0.004305756911635399,0.0,3
35,208,0.018381318412721157,1.0,1
50,148,0.009860160928219557,0.5,0
50,59,0.012690195683389902,0.5,0
50,75,0.0020046550408005714,0.125,8
65,166,0.01546452432870865,0.5,0
100,215,0.006289069969207048,0.2857142857142857,7
80,129,0.011004328187555075,0.5,0
80,111,0.008377348463982344,0.5,0
65,241,0.014326201621443033,1.0,1
80,184,0.0026618122309446336,0.3448275862068966,29
80,51,0.01986595656722784,0.5,0
80,54,0.007661341894418001,0.5,0
35,187,0.014866431560367346,1.0,1
50,237,0.003376602716743946,0.3181818181818182,22
100,107,0.0193269519507885,0.5,0
80,132,0.0012898454815149308,0.35714285714285715,56
50,219,0.01600354801863432,1.0,1
35,162,0.00700509561225772,0.5,0
65,72,0.010464079175144435,0.5,0
65,62,0.004860631115734577,0.5,0
80,151,0.017689720541238785,0.5,0
65,204,0.009306502509862185,1.0,1
80,112,0.01338056793436408,0.5,0
80,96,0.005987986754626036,0.5,0
65,228,0.0113279945589602,1.0,1
65,168,0.0004338688403367996,0.3816793893129771,131
80,40,0.017018831185996532,0.5,0
100,33,0.0006688268482685089,0.2631578947368421,19
100,180,0.016627618558704853,0.5,0
80,230,0.0051291661523282525,0.3333333333333333,9
80,86,0.012343060541898012,0.5,0
100,126,0.009540294501930476,0.0,1
35,199,0.01299053056165576,1.0,1
50,142,0.00400070171803236,0.0,4
35,65,0.018705904558300974,0.5,0
35,83,0.006613887753337622,0.5,0
80,158,0.010699041951447726,0.0,1
65,211,0.0023049162328243255,0.35294117647058826,51
50,133,0.01514473218470812,0.5,0
100,103,0.0029865605756640434,0.1111111111111111,9
100,248,0.019560739174485208,1.0,1
65,188,0.008677521143108607,1.0,1
100,46,0.014006497394293547,0.5,0
35,44,0.007118488308042288,0.5,0
50,191,0.010568581838160753,1.0,1
65,248,0.00142242431640625,0.37623762376237624,101
35,104,0.01612792704254389,0.5,0
50,135,0.003247036300599575,0.0,4
35,208,0.01920566402375698,1.0,1
65,159,0.007551040295511484,0.5,0
100,82,0.014764941316097974,0.5,0
50,66,0.0005646172165870666,0.2682926829268293,41
100,141,0.017138937152922154,0.5,0
80,201,0.006099547799676657,0.5,4
35,123,0.011428225357085467,0.5,0
80,86,0.009191929046064615,0.5,0
100,231,0.013277246039360762,1.0,1
65,178,0.004726791642606258,0.5,4
65,36,0.017566602155566217,0.5,0
80,37,0.0038680827990174296,0.5,0
80,170,0.01858156532049179,0.5,0
100,227,0.009426941592246295,0.6666666666666666,3
80,97,0.01288598781451583,0.5,0
100,115,0.005239506643265486,0.0,2
80,202,0.012444512192159892,1.0,1
50,152,0.0007983546704053879,0.29213483146067415,89
35,62,0.016748945377767086,0.5,0
50,73,0.008565998692065478,0.5,0
50,162,0.013906227704137564,0.5,0
65,222,0.0028557733073830607,0.3783783783783784,37
65,130,0.01944067180156708,0.5,0
35,106,0.002438715919852257,0.0,8
80,238,0.015267890654504299,1.0,1
65,184,0.006728501301258802,0.0,1
65,56,0.010802324060350657,0.5,0
65,53,0.0017277209833264351,0.3333333333333333,6
100,181,0.015803099423646928,0.5,0
50,242,0.00743827061727643,0.5,4
50,110,0.010268331076949836,0.5,0
100,126,0.007856248449534179,0.0,1
50,218,0.014440201614052057,1.0,1
80,164,0.0035667491704225542,0.38461538461538464,13
35,76,0.018905482105910778,0.5,0
80,58,0.005799134839326143,0.5,0
65,149,0.011748169865459204,0.5,0
35,205,0.00023995179682970047,0.3391812865497076,171
80,118,0.017444071620702745,0.5,0
80,93,0.004426466599106789,0.0,1
80,223,0.01788645815104246,1.0,1
35,173,0.008867332469671965,0.5,0
65,40,0.01358231106773019,0.5,0
100,33,0.009727276172488928,0.5,0
100,174,0.01256612228229642,0.5,0
80,235,0.004192669838666916,0.17647058823529413,17
35,89,0.018276509828865528,0.5,0
100,119,0.0010987580940127373,0.35294117647058826,68
80,197,0.016429010406136514,1.0,1
50,144,0.005564181599766016,0.0,1
65,69,0.012139368187636137,0.5,0
80,79,0.002550555616617203,0.0,2
50,156,0.01976542104035616,0.5,0
80,212,0.008246295358985663,0.5,4
35,139,0.014206400085240602,0.5,0
50,100,0.0064232141710817816,0.5,0
50,243,0.011127142142504454,1.0,1
100,194,0.0021189240738749503,0.3125,64
80,47,0.015568150952458382,0.5,0
65,48,0.009284583162516355,0.5,0
35,193,0.013324362132698298,1.0,1
65,243,0.004999814108014107,0.4,10
50,101,0.017784912399947644,0.5,0
65,139,0.00033371854573488235,0.3157894736842105,114
35,213,0.016884606629610062,1.0,1
100,157,0.0060489984042942525,0.0,2
50,78,0.011345108058303594,0.5,0
50,70,0.0033545771986246108,0.0,2
65,143,0.019270852319896222,0.5,0
65,197,0.007800478469580412,1.0,1
80,120,0.014961669836193323,0.5,0
80,89,0.006905051339417696,0.5,0
80,235,0.010329748596996069,0.5,2
80,175,0.0013509036973118782,0.3974358974358974,78
35,32,0.016020614951848984,0.5,0
35,41,0.0022096384689211847,0.0,2
65,173,0.015005634799599647,0.5,0
65,222,0.006670026574283838,0.4,5
50,94,0.010721027981489897,0.5,0
65,118,0.008660493697971106,0.5,0
35,206,0.01394539998844266,1.0,1
80,149,0.003120851963758469,0.375,16
35,58,0.019660822935402392,0.5,0
35,77,0.005034013483673334,0.5,0
35,164,0.012203838061541319,0.5,0
100,217,0.0007249931618571281,0.3509933774834437,151
80,127,0.016649577096104623,0.5,0
65,109,0.003983549028635025,0.5,2
100,243,0.018644932396709918,1.0,1
80,182,0.00967455854639411,0.0,1
35,53,0.013090641666203738,0.5,0
80,55,0.00467498954385519,0.5,0
50,185,0.018090206012129784,0.5,0
65,238,0.008984334114938975,1.0,1
35,105,0.013644142728298904,0.5,0
65,131,0.005724256988614797,0.0,1
35,221,0.011650317925959826,1.0,1
35,161,3.353357315063477e-05,0.35947712418300654,153
35,74,0.017204322554171085,0.5,0
35,61,0.008120421115309,0.5,0
80,153,0.01466125873848796,0.5,0
100,203,0.003659708760678768,0.19047619047619047,21
100,114,0.01894618980586529,0.5,0
65,98,0.0016707625985145568,0.3333333333333333,24
100,226,0.015720287002623082,1.0,1
80,169,0.007210118230432272,0.0,1
80,38,0.010005150157958269,0.5,0
50,35,0.006350158136337995,0.5,0
100,179,0.011021365467458964,0.5,0
65,232,0.0019045811146497728,0.391304347826087,69
100,85,0.015330223701894284,0.5,0
65,124,0.0028009188547730448,0.3333333333333333,9
80,200,0.019961224496364595,0.5,0
80,140,0.008355352599173785,0.0,1
65,67,0.014270072039216757,0.5,0
100,81,0.001049744114279747,0.358974358974359,39
35,159,0.016344357691705228,0.5,0
100,209,0.005334188919514418,0.375,8
80,135,0.01188413167372346,0.5,0
35,105,0.009999373573809863,0.5,0
80,247,0.01278535759076476,1.0,1
50,190,0.004283807612955571,0.3,10
100,45,0.01832514226436615,0.5,0
35,46,0.0002229151874780655,0.2631578947368421,38
50,189,0.017382983081042767,1.0,1
35,249,0.005933435093611479,0.42857142857142855,7
35,102,0.011848244462162257,0.5,0
35,134,0.008772064913064242,0.5,0
50,210,0.013443203773349524,1.0,1
35,157,0.0044825955107808116,0.25,4
100,84,0.01790845438838005,0.5,0
100,65,0.007421127986162901,0.5,0
100,143,0.010207348559051753,0.0,1
35,200,0.00186197467148304,0.23255813953488372,43
80,125,0.015903220586478712,0.5,0
65,87,0.003471587784588337,0.0,2
50,229,0.018766268640756607,0.5,0
65,179,0.00791242377832532,0.5,0
80,34,0.014462151434272527,0.5,0
100,39,0.008146134708076716,0.5,0
100,169,0.014072185587137938,0.5,0
35,229,0.0026115773245692256,0.3142857142857143,35
50,96,0.019782524183392526,0.5,0
50,113,0.0020970137417316436,0.1111111111111111,9
100,203,0.0155119364336133,1.0,1
100,150,0.006562388446182013,0.0,1
35,63,0.011222343016415835,0.5,0
35,71,0.004092634432017803,0.0,1
35,163,0.01814217008650303,0.5,0
35,220,0.00978832522407174,1.0,1
35,131,0.012583198081701994,0.5,0
50,108,0.005542146172374487,0.5,0
80,236,0.01208327876403928,1.0,1
80,186,0.0012379048764705658,0.3804347826086957,92
100,55,0.016524238772690297,0.5,0
65,52,0.006238645855337382,0.5,0
100,183,0.011523502748459577,0.5,0
35,240,0.0005426308140158653,0.33727810650887574,169
35,112,0.017082799002528192,0.5,0
65,128,0.004787889420986176,0.0,1
35,216,0.017583628930151463,1.0,1
65,167,0.009091844614595175,0.5,0
50,75,0.013142955023795366,0.5,0
80,60,0.001561647616326809,0.3,10
35,147,0.016223079189658166,0.5,0
50,207,0.007096529249101877,0.5,4
80,117,0.010512416344136,0.0,1
35,91,0.007612012978643179,0.5,0
50,225,0.014782093185931445,1.0,1
65,171,0.003146924376487732,0.47058823529411764,17
50,42,0.019071400500833988,0.5,0
100,31,0.0029119785875082018,0.0,1
65,176,0.019462591968476772,0.5,0
80,233,0.008470807652920485,0.6666666666666666,3
80,91,0.013767044190317393,0.5,0
50,121,0.006862725038081408,0.0,1
65,196,0.010902474876493215,1.0,1
35,146,0.002421602942049503,0.125,16
80,67,0.015206878185272218,0.5,0
80,81,0.009483040850609541,0.5,0
65,154,0.012908014003187418,0.5,0
50,214,0.003772845193743706,0.2857142857142857,14
80,138,0.01844242837280035,0.5,0
100,99,0.0009326845780014992,0.3050847457627119,59
80,246,0.01684899002313614,1.0,1
35,192,0.005222440082579851,0.5,6
50,49,0.01238345330581069,0.5,0
80,49,0.005177417676895857,0.5,0
65,193,0.01235340291634202,1.0,1
100,246,0.0008927922695875168,0.36645962732919257,161
35,99,0.016813809536397457,0.5,0
100,137,0.0038157308474183085,0.1,10
35,213,0.018480719029903413,1.0,1
35,153,0.009531173426657916,0.5,0
65,80,0.012941057737916708,0.5,0
65,68,0.0023738517612218856,0.2,5
65,146,0.01517345305532217,0.5,0
65,196,0.006819610577076674,0.5,4
50,121,0.010864413026720286,0.5,0
100,91,0.008510928768664598,0.5,0
35,233,0.013801995869725943,1.0,1
50,176,0.0029566195979714395,0.3333333333333333,15
100,31,0.019493023753166198,0.5,0
35,42,0.0031916612014174462,0.5,0
100,172,0.01910173736512661,0.5,0
100,225,0.007652191761881113,0.5,4
50,92,0.014816988091915846,0.5,0
80,117,0.007053318973630667,0.0,1
65,207,0.010474449414759874,1.0,1
50,147,0.001513838768005371,0.2978723404255319,47
80,60,0.016189710833132268,0.5,0
65,75,0.009139882270246744,0.5,0
100,167,0.013176094572991133,0.5,0
80,217,0.00483071830123663,0.3,10
100,128,0.017621977254748344,0.5,0
35,111,0.0005028334259986878,0.26666666666666666,75
100,239,0.017047522701323033,1.0,1
80,182,0.006193680223077536,0.0,1
65,51,0.011493394691497088,0.5,0
100,55,0.0011932052299380303,0.3684210526315789,19
50,187,0.01649386502802372,1.0,1
100,236,0.005502083096653223,0.2727272727272727,11
65,108,0.01204826844856143,0.5,0
65,131,0.009831498470157385,0.5,0
100,220,0.012621201742440462,1.0,1
80,163,0.004140327423810959,0.16666666666666666,6
80,71,0.018175654001533984,0.5,0
100,64,0.006514313910156488,0.5,0
80,150,0.011189240645617247,0.5,0
35,204,0.0020540694519877436,0.2564102564102564,39
100,113,0.01547370381653309,0.5,0
65,95,0.0026514114439487456,0.2857142857142857,7
50,228,0.019817763455212117,0.5,0
65,168,0.00819121589884162,0.5,0
65,38,0.014102177787572145,0.5,0
100,34,0.00795740945264697,0.5,0
65,179,0.014492238853126765,0.5,0
80,229,0.003511364534497261,0.3333333333333333,24
100,88,0.01880156498402357,0.5,0
80,124,0.0018191258981823922,0.3448275862068966,29
65,199,0.01586489275097847,1.0,1
35,142,0.007373110819607973,0.5,0
50,64,0.010174189116805793,0.5,0
100,84,0.004530383720993996,0.0,2
50,157,0.017941842786967754,0.5,0
35,211,0.008815295230597257,0.5,2
35,134,0.013481150064617396,0.5,0
100,102,0.0058932767994701865,0.0,1
35,249,0.011813329663127661,1.0,1
65,189,0.0001781584694981575,0.35119047619047616,168
50,45,0.017352666705846786,0.5,0
100,44,0.004240902289748192,0.5,0
80,190,0.018286871276795864,1.0,1
80,246,0.009951260667294263,0.6666666666666666,3
65,105,0.012752294186502696,0.5,0
50,135,0.005379229802638293,0.0,1
50,210,0.011914163585752249,1.0,1
50,160,0.0010896179452538491,0.29333333333333333,75
35,82,0.016379556655883788,0.5,0
50,67,0.00831524996086955,0.5,0
65,140,0.014235101882368326,0.5,0
80,200,0.0027562593668699264,0.36666666666666664,30
50,123,0.019930811189115046,0.5,0
80,85,0.0019523126259446144,0.1111111111111111,9
35,232,0.015363668501377105,1.0,1
65,179,0.006393292266875505,0.5,2
50,35,0.011059407647699119,0.5,0
35,37,0.007253310028463602,0.5,0
50,169,0.010043135564774276,0.5,0
35,226,0.0017185899242758752,0.25862068965517243,58
35,97,0.0157536368817091,0.5,0
100,114,0.00361499160528183,0.0,8
50,203,0.01891583327203989,0.5,0
80,153,0.00808022266253829,0.0,1
80,61,0.014626383502036334,0.5,0
100,74,7.335063070058823e-05,0.4117647058823529,68
35,160,0.017239579185843467,0.5,0
80,221,0.0057692029513418674,0.4,5
80,130,0.011680445652455091,0.5,0
80,106,0.008936277981847525,0.5,0
50,239,0.013611021656543017,1.0,1
100,185,0.004632179141044617,0.1111111111111111,9
65,56,0.018051839210093023,0.5,0
100,52,0.009631403777748347,0.5,0
80,182,0.013052619528025389,0.5,0
35,242,0.003935837559401989,0.3,20
65,109,0.018611466959118843,0.5,0
100,127,0.0007696731388568878,0.34523809523809523,84
80,217,0.016679970510303975,1.0,1
80,164,0.005074096228927374,0.25,4
100,77,0.01223882870748639,0.5,0
35,57,0.0030809981748461724,0.5,0
100,149,0.01962560333311558,0.5,0
80,206,0.008615432176738977,0.6666666666666666,3
100,117,0.013915388118475676,0.5,0
50,95,0.006718119587749243,0.5,0
35,223,0.010754111874848605,1.0,1
50,173,0.0022525642812252045,0.2962962962962963,27
35,41,0.01504388589411974,0.5,0
80,31,0.0013937721401453018,0.25,8
65,175,0.016058923117816447,0.5,0
35,235,0.006953048836439848,0.6,5
80,88,0.010362927708774805,0.5,0
50,120,0.007755474317818881,0.5,0
65,197,0.014931600894778968,1.0,1
65,144,0.0033148189261555674,0.5,12
100,71,0.019235537499189378,0.5,0
100,78,0.0060891382209956645,0.5,0
100,156,0.01138004133477807,0.5,0
35,213,0.0003784937411546707,0.3374233128834356,163
80,138,0.016914904527366163,0.5,0
65,101,0.004952045567333699,0.5,0
100,243,0.017751504331827164,1.0,1
50,193,0.009241333175450563,1.0,1
65,48,0.013286435510963202,0.5,0
80,47,0.0021493370831012727,0.0,2
50,194,0.015612811334431171,1.0,1
35,244,0.006458185221999884,0.6,5
80,101,0.011167244482785464,0.5,0
50,139,0.008208252284675836,0.5,0
80,212,0.014163266252726316,1.0,1
80,155,0.002517111115157604,0.375,24
50,79,0.019717688634991647,0.5,0
65,70,0.005597244706004858,0.5,0
65,145,0.012187481988221407,0.5,0
50,198,0.0011370299756526948,0.29347826086956524,92
35,120,0.016471915431320667,0.5,0
100,89,0.0041574699804186824,0.0,2
65,234,0.01823663629591465,0.5,0
65,174,0.009697244558483363,0.5,0
65,32,0.012521080505102873,0.5,0
50,41,0.008837205637246371,0.5,0
50,174,0.013537364806979896,0.5,0
100,224,0.004391209669411183,0.2,15
65,94,0.01784664198756218,0.5,0
100,118,0.0002783188968896866,0.38613861386138615,101
35,205,0.017486881129443646,1.0,1
80,148,0.005832255017012357,0.0,1
35,58,0.011796226296573878,0.5,0
100,76,0.003533400185406208,0.0,3
35,165,0.018857654482126236,0.5,0
50,218,0.007818262744694948,0.5,2
100,126,0.0143970107100904,0.5,0
100,110,0.00747314615175128,0.5,0
50,241,0.010308528635650873,1.0,1
65,181,0.001758076623082161,0.4,60
35,53,0.01584781687706709,0.5,0
35,57,0.006758512277156114,0.5,0
65,185,0.010847385879606009,0.5,0
80,238,0.002473935820162296,0.3333333333333333,45
35,107,0.015307743549346924,0.5,0
65,130,0.0028175219148397447,0.2727272727272727,11
35,221,0.01939774688333273,1.0,1
80,161,0.008532915692776442,0.0,1
100,73,0.013858134392648935,0.5,0
35,62,0.0008318192139267922,0.2608695652173913,23
65,152,0.016796657145023347,0.5,0
65,202,0.005277529079467058,0.6666666666666666,6
65,115,0.012487666066735983,0.5,0
35,97,0.009391950648277999,0.5,0
35,226,0.012845905963331461,1.0,1
50,170,0.0038376902788877488,0.2857142857142857,7
35,37,0.01853688504546881,0.5,0
65,36,0.004696494042873383,0.5,0
50,178,0.017521826066076756,0.5,0
65,231,0.009156994875520469,1.0,1
100,86,0.013237106520682574,0.5,0
80,123,0.006137475315481425,0.0,1
35,201,0.011471475046128035,1.0,1
35,141,0.0005980249866843224,0.3118279569892473,93
50,66,0.017186706587672233,0.5,0
50,82,0.007517861481755972,0.5,0
80,159,0.014716942925006152,0.5,0
65,209,0.003208727240562439,0.38461538461538464,26
35,136,0.019162795878946783,0.5,0
65,104,0.001457740031182766,0.3,30
65,247,0.01616768501698971,1.0,1
35,191,0.00714855695143342,0.75,4
50,44,0.010613586883991957,0.5,0
80,46,0.008715582694858313,0.5,0
35,188,0.014049612749367953,1.0,1
100,248,0.0030199865996837615,0.28205128205128205,39
35,103,0.0196084900572896,0.5,0
50,133,0.0022744835540652276,0.09090909090909091,11
80,212,0.015100091472268104,1.0,1
65,158,0.006578936371952296,0.5,2
35,84,0.01065891994163394,0.5,0
80,65,0.004035881906747818,0.0,1
50,142,0.018745797760784628,0.5,0
50,198,0.009570345785468818,1.0,1
100,125,0.01303555266931653,0.5,0
35,87,0.005096121523529291,0.0,1
65,230,0.012294928263872863,1.0,1
80,181,0.0006305364891886711,0.3828125,128
50,33,0.016584732010960578,0.5,0
80,39,0.0003955214098095894,0.37037037037037035,27
80,167,0.016976002007722854,0.5,0
35,228,0.005954846907407045,0.6,5
100,96,0.011279957797378302,0.5,0
35,113,0.009336610864847899,0.5,0
100,205,0.013425532672554254,1.0,1
80,151,0.004895906522870064,0.25,4
65,63,0.017729518227279188,0.5,0
50,72,0.006970201600342989,0.5,0
35,162,0.010423900093883276,0.5,0
100,219,0.0012595083191990852,0.36283185840707965,113
35,132,0.015958812087774277,0.5,0
65,108,0.003409971371293068,0.3333333333333333,3
80,237,0.019374759905040263,1.0,1
65,188,0.007699307929724455,1.0,1
100,54,0.01490964213386178,0.5,0
100,50,0.0027000439539551736,0.0,2
35,184,0.019908901154994964,0.5,0
35,240,0.008410451132804156,0.3333333333333333,3
100,110,0.014374275263398887,0.5,0
100,129,0.006259077470749616,0.0,2
35,216,0.010959247890859843,1.0,1
65,166,0.0019694166630506516,0.4318181818181818,44
